"Aquaculture: Volume of Production by Species, Geolocation, Year and Quarter"

"Species","Geolocation","2020 Quarter 1","2020 Quarter 2","2020 Quarter 3","2020 Quarter 4","2021 Quarter 1","2021 Quarter 2","2021 Quarter 3","2021 Quarter 4","2022 Quarter 1","2022 Quarter 2","2022 Quarter 3","2022 Quarter 4","2023 Quarter 1","2023 Quarter 2","2023 Quarter 3","2023 Quarter 4","2024 Quarter 1","2024 Quarter 2","2024 Quarter 3","2024 Quarter 4"
"All Species","..National Capital Region (NCR)",250.84,173.13,704.16,9.79,120.30,202.76,407.66,53.25,573.13,612.43,417.54,441.13,645.99,1070.29,756.30,342.91,318.32,966.50,522.04,121.35
"All Species","..Cordillera Administrative Region (CAR)",703.32,657.13,602.62,796.91,841.41,845.93,692.55,1058.62,885.82,847.65,835.39,813.45,728.97,947.45,603.71,661.67,843.57,672.18,803.34,895.92
"All Species","..Region I (Ilocos Region)",27212.01,28033.82,20562.67,70587.18,27449.49,33321.23,25196.25,70151.75,23794.10,36357.15,30958.20,71668.12,25874.87,39569.70,28319.94,70581.84,23819.94,38305.78,28513.12,69213.66
"All Species","..Region II (Cagayan Valley)",2073.65,4977.96,3331.42,2938.08,2088.81,5365.73,3443.46,3135.44,2589.50,5853.83,3981.49,3045.96,2191.20,6415.65,4209.86,3137.27,2610.20,5047.21,4567.90,2631.41
"All Species","..Region III (Central Luzon)",74439.96,122128.99,29542.09,62940.50,79350.56,118902.20,30325.21,70490.25,84584.83,111537.31,33066.28,71157.22,94444.91,86528.76,46514.69,72161.02,104030.72,82102.63,39751.11,74445.00
"All Species","..Region IV-A (CALABARZON)",21050.58,32709.05,37717.71,36365.83,22158.06,44132.20,35533.65,34980.33,14834.76,30633.09,30578.02,26377.98,20643.63,21994.76,19615.94,17630.53,16487.03,16492.02,21906.18,10548.23
"All Species","..MIMAROPA Region",10207.21,45389.59,40235.10,227192.40,10453.03,47526.54,41188.39,127584.76,38682.03,30538.74,43168.86,141348.89,41201.34,31473.17,48546.57,143566.73,46280.26,35950.33,56125.26,153815.02
"All Species","..Region V (Bicol Region)",7331.16,16122.37,21144.42,9977.81,6231.08,18246.92,21234.16,16581.02,4509.96,2867.55,10486.79,6772.44,3599.48,1324.77,4426.89,1539.47,2789.28,2132.16,1283.69,4925.64
"All Species","..Region VI (Western Visayas)",47425.67,63959.21,55962.70,43205.66,44181.81,63534.20,58347.81,43066.86,22909.04,41813.67,46724.79,36771.79,30137.07,48048.65,47405.31,31264.35,29149.67,37676.91,77322.70,59551.07
"All Species","..Region VII (Central Visayas)",18765.29,18276.01,11310.72,13101.01,20314.82,14460.23,11015.50,10978.79,8092.80,4063.32,4253.30,5480.11,6233.55,4927.75,3503.41,2752.76,5520.74,5040.36,6098.64,6630.32
"All Species","..Region VIII (Eastern Visayas)",4365.84,3179.42,14212.44,4595.85,5463.18,2117.89,11052.78,2234.35,950.82,1393.62,825.92,1480.28,1160.45,1423.13,3162.29,3135.15,2134.39,1202.50,2251.74,2561.55
"All Species","..Region IX (Zamboanga Peninsula)",69462.82,50918.49,52591.35,38490.16,64175.11,51832.10,51485.89,38205.72,50262.46,42701.26,43553.61,42256.53,47252.13,36889.94,39097.96,37031.43,35094.81,24955.80,33048.97,32416.21
"All Species","..Region X (Nothern Mindanao)",15836.32,18110.70,20973.22,14899.29,10018.35,14467.72,16126.83,14094.76,5693.59,7959.78,9554.90,5869.68,2304.75,5107.63,3330.09,4329.89,2407.50,3413.61,2779.44,3731.55
"All Species","..Region XI (Davao Region)",7086.56,3782.72,9224.87,5831.96,4746.36,4927.10,11851.84,7288.06,6168.01,6189.32,9546.35,10417.42,6119.05,7895.77,6065.78,6231.20,4877.36,5465.15,6392.65,9034.98
"All Species","..Region XII (SOCCSKSARGEN)",3862.84,2869.78,3723.90,4926.70,4755.94,5840.34,3883.39,5130.96,3587.04,4701.73,4568.38,5084.66,4705.81,3433.35,3350.55,4144.97,3634.49,7346.05,4841.82,5483.63
"All Species","..Region XIII (Caraga)",1940.20,5411.52,2931.87,4661.40,2709.24,4073.60,2232.81,4768.01,1741.20,4221.19,1580.02,1951.53,1688.07,1955.01,1953.79,1872.89,2177.11,2016.49,1584.62,1717.07
"All Species","..Bangsamoro Autonomous Region in Muslim Mindanao (BARMM)",213228.43,150239.81,155900.63,209530.76,217900.97,155686.90,154399.23,209653.29,266745.57,293428.33,216860.63,265029.72,256951.39,274050.49,266287.77,337549.54,264573.37,202632.65,231112.74,246211.68
"..Milkfish","..National Capital Region (NCR)",36.37,44.23,595.86,4.49,38.10,122.52,42.33,14.57,44.93,24.86,103.33,32.15,238.19,320.30,50.57,76.17,66.66,444.06,119.35,54.50
"..Milkfish","..Cordillera Administrative Region (CAR)",..,..,..,..,..,..,..,..,..,..,..,..,..,..,..,..,..,..,..,..
"..Milkfish","..Region I (Ilocos Region)",24495.36,14920.16,19653.91,66843.64,24982.86,22569.68,24319.48,66008.67,21985.50,23704.03,30187.26,67354.42,23772.68,25798.69,27489.49,66373.42,21797.78,26789.42,27685.16,65171.54
"..Milkfish","..Region II (Cagayan Valley)",12.95,515.68,20.88,5.56,12.83,594.99,21.49,5.52,13.61,555.35,106.28,5.24,27.15,575.20,119.73,5.03,39.29,352.35,157.51,5.20
"..Milkfish","..Region III (Central Luzon)",10972.48,36557.56,9922.52,20563.06,12350.36,43389.78,10129.97,23738.15,15510.25,34372.74,13224.64,21689.84,16033.79,15202.80,14146.26,23012.60,13754.37,14143.40,10663.26,23020.45
"..Milkfish","..Region IV-A (CALABARZON)",4033.96,10063.64,16331.69,12908.89,2196.47,8574.38,17595.33,12707.11,2098.20,9076.68,14128.13,10393.87,6824.52,7221.53,10329.82,7848.85,5113.57,3179.01,9170.15,5392.62
"..Milkfish","..MIMAROPA Region",105.80,86.88,1180.20,231.67,71.25,149.98,1185.17,351.85,319.71,352.47,373.49,359.07,415.49,539.75,851.01,178.76,69.84,252.19,1000.72,260.36
"..Milkfish","..Region V (Bicol Region)",376.02,396.23,995.15,1523.16,337.81,271.77,1454.59,2133.86,485.41,974.56,321.11,444.94,291.48,308.73,259.12,178.87,75.52,926.52,84.76,154.57
"..Milkfish","..Region VI (Western Visayas)",15007.54,31101.41,35480.07,16737.83,13238.04,31449.28,36972.66,15904.24,7163.75,20217.83,26071.70,11181.64,5964.84,19976.99,22004.20,11027.37,6531.62,21062.90,28618.52,26480.22
"..Milkfish","..Region VII (Central Visayas)",1389.34,914.71,2293.60,1689.56,2297.03,942.81,2674.33,1742.89,851.41,397.87,789.60,854.64,491.68,446.45,717.28,657.65,688.69,1400.32,1044.21,1552.43
"..Milkfish","..Region VIII (Eastern Visayas)",243.34,1661.22,830.11,486.62,440.30,889.09,1433.86,667.61,198.72,108.52,147.05,228.63,536.76,659.81,1875.02,1652.61,1347.13,748.18,1015.46,1125.70
"..Milkfish","..Region IX (Zamboanga Peninsula)",1057.67,1482.78,2433.64,1052.68,952.70,2224.26,2877.14,1675.41,1075.63,1203.37,1801.50,1408.63,647.16,677.35,957.51,958.00,371.31,575.46,1478.55,1069.52
"..Milkfish","..Region X (Nothern Mindanao)",2228.22,3202.19,4917.83,4443.54,2298.00,3121.06,5033.38,4133.20,1621.62,3022.93,3034.29,2656.91,1109.83,1947.07,2026.57,1943.49,1436.29,1918.58,1555.57,2341.93
"..Milkfish","..Region XI (Davao Region)",2988.69,2603.82,6680.20,4254.63,3383.91,2547.80,8660.23,5551.15,4435.20,4679.98,7718.31,8332.94,4417.23,6172.63,4686.34,4369.01,3418.17,4284.18,4930.28,6606.06
"..Milkfish","..Region XII (SOCCSKSARGEN)",134.96,476.81,1208.74,1912.42,652.67,672.26,958.83,802.02,238.86,300.83,238.59,646.54,363.76,396.84,585.08,708.01,492.95,330.02,542.98,38.41
"..Milkfish","..Region XIII (Caraga)",1060.51,911.37,639.98,2228.04,1609.26,1000.84,782.13,1992.85,1188.24,1086.98,835.81,1130.24,940.99,871.86,1007.82,1052.10,1475.25,1179.30,773.86,534.48
"..Milkfish","..Bangsamoro Autonomous Region in Muslim Mindanao (BARMM)",941.70,751.60,821.26,4822.30,577.30,967.59,899.47,4871.29,1178.71,685.85,833.97,2154.82,105.19,204.14,615.82,1759.58,449.57,174.63,15.90,15.41
"..Tilapia","..National Capital Region (NCR)",17.67,12.28,2.10,2.86,22.31,17.40,15.91,23.18,155.73,80.41,88.92,132.75,42.15,240.20,29.57,128.36,43.52,58.09,205.48,25.02
"..Tilapia","..Cordillera Administrative Region (CAR)",703.29,657.06,602.53,796.81,841.36,845.77,692.11,1058.24,876.08,844.26,830.99,801.35,722.86,939.28,596.07,650.91,833.52,665.84,792.58,777.59
"..Tilapia","..Region I (Ilocos Region)",2194.32,12269.19,369.59,2492.00,1845.19,10182.82,375.44,3030.03,1488.67,10184.46,400.00,3342.69,1638.70,11344.98,420.63,3238.25,1505.79,9703.32,355.03,3001.97
"..Tilapia","..Region II (Cagayan Valley)",1889.84,3203.91,2532.94,1908.80,1895.60,3491.64,2614.16,1986.61,2001.39,3538.17,2823.46,1989.13,1548.01,3985.86,3026.56,2137.13,1908.27,3127.62,3227.76,1642.54
"..Tilapia","..Region III (Central Luzon)",56250.90,34761.61,14118.91,31086.93,58601.23,37955.81,13799.59,34030.46,59050.44,37532.04,13750.79,35654.92,66530.97,36021.31,23129.37,34293.91,77241.49,37163.77,20278.50,37037.02
"..Tilapia","..Region IV-A (CALABARZON)",11793.33,15264.25,19327.14,15035.28,14880.64,17874.08,15116.27,16010.84,6714.34,11991.47,14064.13,11647.68,12497.17,8571.11,7180.87,7598.91,9877.37,8198.49,10106.35,3651.44
"..Tilapia","..MIMAROPA Region",57.43,46.53,35.73,46.84,39.65,46.03,61.88,74.56,201.99,90.33,69.45,521.84,75.07,90.32,258.83,35.60,49.39,52.89,99.47,48.56
"..Tilapia","..Region V (Bicol Region)",1623.65,3481.89,2879.50,1791.58,1672.52,5085.02,1593.24,4223.43,1512.38,896.52,429.48,632.90,1241.59,560.57,193.64,798.46,681.36,318.15,315.39,443.12
"..Tilapia","..Region VI (Western Visayas)",339.98,501.57,450.15,4348.04,499.96,385.77,687.39,5081.56,178.98,974.69,354.62,1453.07,299.11,608.43,91.86,327.93,218.91,580.50,1527.83,869.57
"..Tilapia","..Region VII (Central Visayas)",156.28,142.06,84.68,83.79,158.12,152.69,82.75,49.68,75.77,108.12,126.03,128.86,82.07,184.10,96.22,122.91,98.42,128.77,175.68,183.69
"..Tilapia","..Region VIII (Eastern Visayas)",685.89,24.02,71.50,16.06,268.68,22.77,51.73,7.63,55.97,74.44,68.26,78.20,66.01,33.02,65.15,50.23,52.70,139.01,67.99,82.74
"..Tilapia","..Region IX (Zamboanga Peninsula)",136.21,140.51,104.48,156.46,71.14,136.30,107.95,69.28,200.69,95.69,38.11,70.69,21.92,67.58,31.18,51.81,47.99,43.67,76.07,161.21
"..Tilapia","..Region X (Nothern Mindanao)",433.87,208.26,236.86,387.99,475.61,234.20,241.33,500.01,575.30,1895.66,846.74,711.39,735.56,1572.28,998.11,717.67,548.99,1146.13,875.80,785.69
"..Tilapia","..Region XI (Davao Region)",152.33,674.47,577.10,1061.55,168.53,900.43,839.38,1114.77,280.74,253.95,168.85,342.92,215.56,393.37,148.60,227.29,68.64,61.29,69.58,97.50
"..Tilapia","..Region XII (SOCCSKSARGEN)",2185.56,1216.25,911.51,1371.20,2134.30,3768.31,1186.26,1999.90,1387.35,1813.63,1578.79,2045.51,1634.08,1668.40,1329.79,1601.78,2317.86,2182.24,2492.68,2242.44
"..Tilapia","..Region XIII (Caraga)",32.62,15.06,32.27,45.51,57.30,39.94,161.79,152.54,117.10,121.35,182.08,184.10,103.88,79.47,263.48,109.56,154.88,231.12,302.42,191.20
"..Tilapia","..Bangsamoro Autonomous Region in Muslim Mindanao (BARMM)",680.39,679.78,2726.27,5544.03,381.18,635.36,2742.10,5544.66,4021.52,901.21,2224.97,3752.34,2169.73,849.10,2357.64,5026.97,1703.35,1386.13,1645.42,4560.51
"..Tiger Prawn","..National Capital Region (NCR)",..,..,..,..,..,..,..,..,..,..,..,..,..,..,..,..,..,..,..,..
"..Tiger Prawn","..Cordillera Administrative Region (CAR)",..,..,..,..,..,..,..,..,..,..,..,..,..,..,..,..,..,..,..,..
"..Tiger Prawn","..Region I (Ilocos Region)",240.07,29.88,335.43,541.95,220.38,25.79,304.70,423.26,190.43,375.45,268.95,233.51,215.35,357.80,241.34,225.78,208.20,148.26,132.10,180.79
"..Tiger Prawn","..Region II (Cagayan Valley)",4.82,26.73,15.25,1.08,2.97,28.87,16.42,0.96,2.96,27.80,31.86,0.65,3.59,27.26,32.24,0.61,8.93,23.05,29.45,0.58
"..Tiger Prawn","..Region III (Central Luzon)",4730.12,7794.67,2600.02,7728.01,5052.23,7746.82,2718.51,8748.40,5066.35,7433.22,2265.84,8354.54,4664.66,7385.13,2118.75,8305.10,4899.28,4516.20,2025.72,8435.69
"..Tiger Prawn","..Region IV-A (CALABARZON)",34.61,1.33,70.88,43.99,43.60,0.89,81.01,5.84,1.71,25.75,14.37,20.18,2.69,5.16,26.48,20.03,37.65,2.50,25.14,18.18
"..Tiger Prawn","..MIMAROPA Region",44.66,9.62,67.21,127.59,44.14,6.01,94.43,111.01,0.98,13.27,20.72,137.83,3.75,14.69,5.08,14.64,14.85,3.67,4.20,60.90
"..Tiger Prawn","..Region V (Bicol Region)",159.07,443.91,46.11,1278.29,157.33,442.47,50.11,81.60,10.12,35.84,88.41,166.13,45.85,36.96,40.82,26.19,5.01,63.82,25.33,8.23
"..Tiger Prawn","..Region VI (Western Visayas)",22.71,51.32,90.59,599.38,28.96,51.82,86.62,464.04,383.64,186.40,146.67,394.01,88.37,127.49,122.67,134.99,54.59,23.37,30.95,21.36
"..Tiger Prawn","..Region VII (Central Visayas)",33.25,18.89,79.10,38.50,..,105.73,28.97,120.57,87.04,..,108.12,4.90,61.25,127.85,7.79,45.20,191.57,3.85,85.93,9.52
"..Tiger Prawn","..Region VIII (Eastern Visayas)",0.00,0.25,0.55,0.73,..,1.84,0.91,0.00,57.73,65.59,18.72,235.82,79.72,128.89,27.04,1.60,4.30,2.35,12.87,3.16
"..Tiger Prawn","..Region IX (Zamboanga Peninsula)",217.23,211.28,312.98,103.23,201.18,196.46,237.71,118.62,225.03,199.37,187.11,197.06,129.22,170.89,196.20,190.38,117.74,100.99,164.56,123.52
"..Tiger Prawn","..Region X (Nothern Mindanao)",2590.99,3919.79,4061.32,2970.03,2278.96,3654.65,4219.62,3166.62,931.45,110.44,3022.85,1334.12,145.05,186.83,77.57,234.45,85.93,139.59,6.88,495.71
"..Tiger Prawn","..Region XI (Davao Region)",0.10,0.93,4.15,0.12,0.04,0.17,3.16,0.13,0.17,0.74,0.02,3.74,0.03,0.08,0.36,0.01,..,0.01,0.16,0.03
"..Tiger Prawn","..Region XII (SOCCSKSARGEN)",0.05,0.01,0.28,0.06,0.01,0.02,1.43,0.05,0.18,0.87,0.40,..,0.01,0.06,2.10,0.47,..,0.24,..,0.14
"..Tiger Prawn","..Region XIII (Caraga)",20.48,12.07,17.06,40.51,22.61,10.70,9.67,32.06,1.53,31.61,40.45,19.65,22.10,25.70,39.46,151.56,63.32,75.93,4.33,66.08
"..Tiger Prawn","..Bangsamoro Autonomous Region in Muslim Mindanao (BARMM)",123.69,78.61,51.88,45.94,72.94,79.36,51.82,46.27,336.09,144.68,103.97,364.86,0.23,110.60,225.04,321.98,0.73,87.95,..,..
"..Mudcrab","..National Capital Region (NCR)",..,..,..,..,..,..,..,..,..,..,0.51,..,..,..,..,..,..,0.70,0.15,0.53
"..Mudcrab","..Cordillera Administrative Region (CAR)",..,..,..,..,..,..,..,..,..,..,..,..,..,..,..,..,..,..,..,..
"..Mudcrab","..Region I (Ilocos Region)",8.83,0.37,0.48,0.33,8.25,0.32,0.54,0.31,7.93,3.30,0.41,3.63,9.56,2.55,0.24,3.65,6.32,2.45,0.15,7.97
"..Mudcrab","..Region II (Cagayan Valley)",2.15,21.15,18.25,1.23,2.13,22.18,19.04,1.07,2.14,21.67,28.02,1.02,3.73,16.65,30.15,0.94,6.06,11.35,24.67,1.29
"..Mudcrab","..Region III (Central Luzon)",591.54,1989.69,1368.65,1147.41,627.38,2054.25,1449.41,1287.64,659.52,2047.23,1058.81,1216.01,641.49,1831.50,1309.39,1470.15,1150.81,1756.92,1154.75,1373.22
"..Mudcrab","..Region IV-A (CALABARZON)",3322.45,0.42,701.51,71.41,3820.77,0.38,1331.04,20.00,3630.14,103.98,600.08,6.84,11.97,10.85,253.25,181.50,33.89,18.61,207.07,104.32
"..Mudcrab","..MIMAROPA Region",0.16,0.80,0.78,10.24,0.24,0.54,0.48,7.18,5.84,7.69,18.22,22.80,7.29,32.37,416.57,7.30,3.59,14.44,142.96,5.40
"..Mudcrab","..Region V (Bicol Region)",112.35,38.82,84.86,116.54,98.20,49.85,122.91,245.55,69.02,48.96,89.00,57.40,72.03,35.75,39.94,71.60,15.74,327.63,36.95,15.74
"..Mudcrab","..Region VI (Western Visayas)",31.95,30.04,159.52,1791.65,33.30,42.66,177.68,1732.03,120.63,104.01,192.50,1267.80,2388.47,170.03,168.25,1291.93,580.51,24.00,175.02,1401.80
"..Mudcrab","..Region VII (Central Visayas)",..,0.02,..,1.00,..,..,..,..,..,..,..,0.03,0.01,..,..,..,0.05,0.05,0.93,0.21
"..Mudcrab","..Region VIII (Eastern Visayas)",155.95,1.97,41.33,1.56,523.10,8.36,295.09,0.43,7.43,5.16,2.59,13.67,7.88,2.22,1.80,14.35,9.43,6.81,3.28,0.53
"..Mudcrab","..Region IX (Zamboanga Peninsula)",228.97,82.40,285.54,151.69,173.55,87.46,139.08,311.20,46.19,291.31,171.05,180.74,48.57,60.27,97.32,150.92,35.74,35.51,95.09,84.43
"..Mudcrab","..Region X (Nothern Mindanao)",1942.25,1855.26,1719.56,2242.30,1978.79,1885.20,1655.52,2369.81,850.00,777.75,1076.65,743.73,154.55,671.52,98.27,1204.53,87.85,100.36,28.34,65.09
"..Mudcrab","..Region XI (Davao Region)",1.71,12.63,0.55,0.62,4.77,0.09,0.24,1.72,1.05,5.14,3.47,3.80,1.82,46.92,0.14,1.16,0.00,0.03,8.46,1.42
"..Mudcrab","..Region XII (SOCCSKSARGEN)",0.04,0.01,0.24,0.01,0.06,0.01,0.48,0.23,0.66,1.04,0.68,1.00,0.05,0.11,4.11,3.16,1.07,0.46,0.80,0.17
"..Mudcrab","..Region XIII (Caraga)",71.68,26.32,20.68,182.39,134.51,24.71,6.76,234.45,8.47,56.02,69.59,120.89,21.98,20.91,51.20,76.59,40.58,32.17,85.70,15.63
"..Mudcrab","..Bangsamoro Autonomous Region in Muslim Mindanao (BARMM)",7.64,2.09,11.48,94.79,11.08,2.28,11.75,96.45,105.02,109.11,80.81,258.95,16.49,72.66,184.09,230.90,1.86,54.46,..,0.01
"..Endeavor Prawn","..National Capital Region (NCR)",..,..,..,..,..,..,..,..,..,..,..,..,..,..,..,..,..,..,..,..
"..Endeavor Prawn","..Cordillera Administrative Region (CAR)",..,..,..,..,..,..,..,..,..,..,..,..,..,..,..,..,..,..,..,..
"..Endeavor Prawn","..Region I (Ilocos Region)",15.98,15.84,5.99,0.20,2.99,5.66,5.63,0.17,2.65,3.58,4.91,0.15,2.50,3.04,3.68,1.30,1.90,14.31,3.14,1.51
"..Endeavor Prawn","..Region II (Cagayan Valley)",21.57,11.96,5.41,2.33,20.85,13.56,5.92,2.66,21.21,12.76,0.23,2.50,10.85,11.81,2.49,2.04,4.45,8.13,2.26,1.85
"..Endeavor Prawn","..Region III (Central Luzon)",0.11,42.22,29.37,33.75,0.16,4.44,15.00,25.31,1.35,0.54,..,22.06,0.12,..,0.00,6.34,..,..,1.44,3.04
"..Endeavor Prawn","..Region IV-A (CALABARZON)",0.03,0.04,0.04,0.02,0.02,0.03,0.02,0.32,0.51,..,..,2.73,..,5.97,..,7.89,12.14,11.79,3.44,6.20
"..Endeavor Prawn","..MIMAROPA Region",0.27,..,0.05,0.33,0.10,0.08,0.20,0.91,1.96,3.00,6.68,3.33,5.25,21.47,0.97,3.87,0.82,0.04,4.37,0.98
"..Endeavor Prawn","..Region V (Bicol Region)",0.13,3.07,2.35,34.88,0.12,1.69,2.55,37.03,1.44,4.58,16.23,3.93,0.80,71.17,3.02,3.72,33.06,2.21,0.70,3.32
"..Endeavor Prawn","..Region VI (Western Visayas)",15.67,15.74,90.53,40.04,17.90,21.65,105.86,131.10,5.23,17.57,1.70,90.67,33.80,17.85,1.18,1.89,1.03,0.77,1.49,6.81
"..Endeavor Prawn","..Region VII (Central Visayas)",..,..,..,..,..,..,..,..,..,..,..,..,..,..,..,..,..,..,..,..
"..Endeavor Prawn","..Region VIII (Eastern Visayas)",..,..,0.40,..,..,..,0.05,..,..,..,..,..,..,0.19,0.11,..,..,..,..,..
"..Endeavor Prawn","..Region IX (Zamboanga Peninsula)",..,0.07,..,0.06,..,..,..,..,0.22,0.42,..,..,1.52,..,..,..,..,..,0.04,0.03
"..Endeavor Prawn","..Region X (Nothern Mindanao)",4.32,2.31,2.86,7.64,3.80,2.32,2.93,8.20,0.54,3.16,4.45,4.97,5.08,4.28,30.33,18.98,0.36,11.98,67.20,0.37
"..Endeavor Prawn","..Region XI (Davao Region)",2.08,0.03,0.06,0.30,2.97,0.05,0.24,0.23,0.46,0.03,0.02,0.12,0.23,..,..,..,..,0.04,2.19,1.09
"..Endeavor Prawn","..Region XII (SOCCSKSARGEN)",..,..,..,..,..,..,..,..,..,..,..,..,..,..,..,..,..,..,..,..
"..Endeavor Prawn","..Region XIII (Caraga)",..,0.12,0.21,0.00,0.00,0.11,0.19,0.05,0.01,4.79,2.00,0.34,1.42,1.93,1.24,0.20,5.20,..,0.01,..
"..Endeavor Prawn","..Bangsamoro Autonomous Region in Muslim Mindanao (BARMM)",..,..,..,..,..,..,..,..,0.36,..,..,..,..,..,..,..,..,..,..,..
"..White Shrimp","..National Capital Region (NCR)",..,..,..,..,..,..,..,..,..,1.72,0.30,..,..,..,..,..,..,..,..,..
"..White Shrimp","..Cordillera Administrative Region (CAR)",..,..,..,..,..,..,..,..,..,..,..,..,..,..,..,..,..,..,..,..
"..White Shrimp","..Region I (Ilocos Region)",0.11,5.98,2.56,1.91,0.10,4.06,2.61,0.63,0.10,2.56,2.68,2.79,1.13,6.24,6.09,2.41,0.99,6.31,7.55,5.25
"..White Shrimp","..Region II (Cagayan Valley)",2.49,13.15,20.26,2.44,2.20,15.34,21.62,2.62,2.41,14.25,1.53,2.53,2.45,13.70,2.66,2.45,0.24,9.40,2.09,2.27
"..White Shrimp","..Region III (Central Luzon)",18.79,21.93,327.63,55.15,18.11,23.92,430.00,60.98,18.00,15.16,6.07,15.32,..,..,..,2.76,..,76.48,..,2.54
"..White Shrimp","..Region IV-A (CALABARZON)",0.04,0.04,0.75,0.00,0.02,1.50,0.32,0.00,0.57,1.66,1.53,1.43,2.99,0.21,0.43,..,0.91,10.62,0.46,2.40
"..White Shrimp","..MIMAROPA Region",0.10,0.07,..,1.70,..,..,..,0.95,0.15,16.31,5.15,0.63,24.01,118.93,1.90,61.02,0.81,0.49,1.59,2.32
"..White Shrimp","..Region V (Bicol Region)",0.05,0.99,2.97,47.54,0.04,1.91,6.98,48.66,5.97,38.81,8.69,7.90,57.40,1.20,51.05,14.05,0.62,0.87,13.72,0.32
"..White Shrimp","..Region VI (Western Visayas)",2.04,3.13,6.51,4.00,2.57,4.20,8.57,12.60,27.57,2.99,1.18,5.94,10.60,3.75,0.34,7.19,3.37,0.68,56.21,3.28
"..White Shrimp","..Region VII (Central Visayas)",0.30,4.54,0.03,0.04,0.14,0.61,0.10,0.08,0.03,0.05,0.23,0.57,0.24,0.01,0.03,..,0.12,0.05,0.29,0.01
"..White Shrimp","..Region VIII (Eastern Visayas)",..,..,..,10.50,1.00,0.01,..,..,26.36,22.49,24.75,11.84,9.92,3.59,0.14,21.26,39.15,5.40,..,..
"..White Shrimp","..Region IX (Zamboanga Peninsula)",6.65,41.94,168.46,20.48,4.82,27.20,8.86,20.22,4.26,17.72,4.28,25.54,14.38,10.74,4.08,14.93,7.03,7.79,6.09,7.58
"..White Shrimp","..Region X (Nothern Mindanao)",9.21,2.56,7.16,17.84,8.22,2.91,7.22,17.34,1.19,5.08,4.45,5.40,5.83,59.20,8.59,5.10,..,38.99,28.77,..
"..White Shrimp","..Region XI (Davao Region)",0.10,0.02,..,0.10,2.61,0.01,..,3.60,0.05,0.07,0.22,0.09,0.25,33.37,0.11,..,..,0.01,0.06,0.63
"..White Shrimp","..Region XII (SOCCSKSARGEN)",..,0.01,0.01,0.02,..,0.02,..,0.02,..,1.06,0.02,..,..,0.11,6.12,1.45,..,0.17,..,0.36
"..White Shrimp","..Region XIII (Caraga)",0.53,1.14,1.43,0.94,0.59,1.19,0.52,0.63,0.01,2.10,1.21,1.24,3.05,1.67,11.28,0.27,0.09,0.08,0.05,0.05
"..White Shrimp","..Bangsamoro Autonomous Region in Muslim Mindanao (BARMM)",57.80,35.00,27.97,60.83,30.07,35.47,28.20,60.86,0.00,..,..,..,..,..,..,..,..,..,..,0.70
"..Grouper","..National Capital Region (NCR)",..,..,..,..,..,..,..,..,..,..,..,..,..,..,..,..,..,..,..,..
"..Grouper","..Cordillera Administrative Region (CAR)",..,..,..,..,..,..,..,..,..,..,..,..,..,..,..,..,..,..,..,..
"..Grouper","..Region I (Ilocos Region)",0.33,0.37,0.32,0.53,0.32,0.98,0.16,0.56,3.47,809.65,1.89,1.71,4.25,788.38,1.63,6.02,11.09,419.07,7.60,12.42
"..Grouper","..Region II (Cagayan Valley)",0.05,..,..,..,..,0.05,0.07,0.05,..,0.05,0.63,0.04,..,..,..,..,..,..,..,0.27
"..Grouper","..Region III (Central Luzon)",..,..,0.02,0.04,..,..,..,..,..,..,..,..,..,..,..,..,..,..,..,..
"..Grouper","..Region IV-A (CALABARZON)",4.34,..,0.37,1.98,3.80,1.68,0.43,3.75,3.09,10.33,5.00,90.89,4.57,1.29,21.80,45.78,2.95,4.82,18.25,16.61
"..Grouper","..MIMAROPA Region",0.28,0.10,0.23,0.24,0.44,0.32,0.39,1.72,1.96,0.52,1.57,46.66,12.03,1.79,9.02,9.46,7.70,16.03,10.15,10.37
"..Grouper","..Region V (Bicol Region)",0.02,0.49,0.37,0.06,0.58,1.12,1.37,1.90,7.94,10.10,31.92,63.66,18.14,24.89,25.20,22.64,17.35,6.26,2.52,4.84
"..Grouper","..Region VI (Western Visayas)",12.57,5.37,19.83,14.76,13.77,7.43,27.03,17.70,3.94,3.45,1.88,12.27,3.46,0.62,0.71,1.21,16.05,1.90,1.26,2.43
"..Grouper","..Region VII (Central Visayas)",0.10,0.01,0.20,1.27,0.03,0.32,1.25,2.56,..,0.08,0.13,0.07,0.93,0.99,0.54,0.17,3.30,0.04,0.05,0.21
"..Grouper","..Region VIII (Eastern Visayas)",0.01,..,0.01,9.03,0.07,0.28,0.09,1.30,7.59,1.82,15.55,17.35,0.30,0.57,1.05,11.90,25.54,17.96,30.22,18.90
"..Grouper","..Region IX (Zamboanga Peninsula)",0.30,0.53,0.38,0.43,0.43,0.65,0.30,0.82,18.22,1.19,0.25,..,1.55,1.18,3.50,7.22,1.99,1.33,2.50,2.60
"..Grouper","..Region X (Nothern Mindanao)",..,..,..,..,..,..,..,..,..,..,..,..,..,..,1.04,..,..,..,..,..
"..Grouper","..Region XI (Davao Region)",..,..,..,..,..,0.04,0.06,0.03,..,..,402.94,322.42,0.21,0.05,..,..,..,0.04,..,..
"..Grouper","..Region XII (SOCCSKSARGEN)",..,..,..,..,..,..,..,..,..,..,..,..,..,..,..,..,..,..,..,..
"..Grouper","..Region XIII (Caraga)",0.02,..,..,0.05,0.01,0.00,0.00,0.05,0.07,0.26,0.33,1.08,0.40,0.06,..,..,..,0.03,..,0.12
"..Grouper","..Bangsamoro Autonomous Region in Muslim Mindanao (BARMM)",0.05,0.04,0.04,0.05,0.05,0.05,0.04,0.06,0.07,..,..,..,0.30,0.01,..,..,0.07,1.54,0.58,9.29
"..Siganid","..National Capital Region (NCR)",..,..,..,..,..,..,..,..,..,..,..,..,..,..,..,..,..,..,..,..
"..Siganid","..Cordillera Administrative Region (CAR)",..,..,..,..,..,..,..,..,..,..,..,..,..,..,..,..,..,..,..,..
"..Siganid","..Region I (Ilocos Region)",14.38,79.41,2.06,8.25,10.55,24.82,2.06,7.55,12.79,54.47,5.43,18.19,14.73,72.46,9.30,17.18,35.26,59.51,20.49,46.49
"..Siganid","..Region II (Cagayan Valley)",1.79,64.37,5.14,0.28,1.61,60.38,5.50,0.25,1.70,57.23,14.53,0.22,1.50,58.80,15.15,0.26,0.70,58.11,14.88,0.23
"..Siganid","..Region III (Central Luzon)",0.02,0.02,0.01,0.02,0.03,0.35,..,..,0.58,0.02,0.00,0.05,0.05,0.03,0.12,0.10,0.20,1.85,0.38,0.39
"..Siganid","..Region IV-A (CALABARZON)",..,0.06,0.30,0.50,0.69,1.42,2.40,2.14,2.43,9.25,5.13,3.41,0.08,0.60,0.24,2.14,1.06,2.00,0.19,1.65
"..Siganid","..MIMAROPA Region",..,..,..,0.02,0.13,..,0.09,0.03,0.01,0.30,0.33,0.72,0.84,0.62,0.14,1.98,0.77,22.34,0.11,0.61
"..Siganid","..Region V (Bicol Region)",..,0.02,0.20,0.07,0.05,0.02,0.37,3.92,5.43,0.14,0.17,2.09,0.07,0.05,..,0.28,0.50,0.00,0.16,0.15
"..Siganid","..Region VI (Western Visayas)",1.06,0.82,0.08,0.08,0.03,0.03,0.09,0.02,0.44,0.30,..,..,0.21,0.01,..,..,..,0.46,0.08,0.00
"..Siganid","..Region VII (Central Visayas)",0.07,0.06,0.86,0.11,..,..,0.11,0.32,..,..,..,0.00,0.01,0.02,0.63,0.23,..,24.39,2.24,0.69
"..Siganid","..Region VIII (Eastern Visayas)",0.02,0.02,0.02,1.53,..,0.03,0.03,1.56,1.90,0.18,0.22,1.18,3.02,0.04,0.26,3.18,0.72,0.09,..,..
"..Siganid","..Region IX (Zamboanga Peninsula)",0.05,..,..,..,..,..,..,..,..,0.20,..,..,..,0.20,..,..,..,..,..,0.04
"..Siganid","..Region X (Nothern Mindanao)",0.01,..,4.41,0.05,0.26,1.20,..,1.00,..,..,..,..,0.05,..,..,..,..,..,..,..
"..Siganid","..Region XI (Davao Region)",4.58,2.59,1.05,1.22,13.92,3.60,0.96,0.77,..,2.58,62.03,0.01,37.52,..,7.27,0.45,1.52,7.82,2.87,0.97
"..Siganid","..Region XII (SOCCSKSARGEN)",0.46,..,..,..,1.00,1.50,..,..,..,..,..,..,..,..,..,..,..,..,1.17,..
"..Siganid","..Region XIII (Caraga)",0.08,0.20,0.32,0.60,1.42,0.52,0.47,0.70,1.50,1.48,..,0.20,2.07,2.82,..,..,0.54,4.45,0.40,0.24
"..Siganid","..Bangsamoro Autonomous Region in Muslim Mindanao (BARMM)",..,..,..,..,..,..,..,..,..,..,22.64,..,..,..,..,..,..,..,..,0.61
"..P. Vannamei","..National Capital Region (NCR)",..,..,..,..,..,..,..,..,..,..,1.00,..,8.96,5.30,..,..,..,..,..,..
"..P. Vannamei","..Cordillera Administrative Region (CAR)",..,..,..,..,..,..,..,..,..,..,..,..,..,..,..,..,..,..,..,..
"..P. Vannamei","..Region I (Ilocos Region)",4.27,622.93,2.45,37.17,4.10,424.71,2.86,51.14,8.70,995.32,30.00,110.35,12.26,837.94,104.99,97.68,35.40,785.91,238.43,251.40
"..P. Vannamei","..Region II (Cagayan Valley)",43.72,572.15,501.15,904.22,46.82,540.97,538.39,1038.14,454.03,1052.41,832.73,971.18,479.74,1088.20,858.47,914.82,532.45,1070.31,964.39,873.78
"..P. Vannamei","..Region III (Central Luzon)",1020.47,919.11,394.70,527.27,1057.68,1317.41,792.72,477.67,1437.41,1355.73,613.70,500.08,1698.34,2338.68,2461.86,1922.54,2951.07,2497.57,2370.20,2345.34
"..P. Vannamei","..Region IV-A (CALABARZON)",179.03,177.48,216.26,1090.34,255.33,214.36,338.10,2751.29,225.22,198.18,478.57,2691.70,2.49,224.85,125.28,265.33,148.63,553.49,1114.18,707.80
"..P. Vannamei","..MIMAROPA Region",6.31,0.40,2.21,11.20,1.39,..,10.03,0.67,20.93,17.47,49.79,131.17,16.50,12.05,121.80,163.76,111.16,159.97,241.55,354.33
"..P. Vannamei","..Region V (Bicol Region)",1.50,19.15,10.74,4.52,0.37,19.19,12.42,4.28,0.62,3.66,29.29,1454.37,2.92,25.32,15.18,72.76,3.38,71.15,52.10,10.21
"..P. Vannamei","..Region VI (Western Visayas)",53.39,137.89,771.88,141.22,25.23,118.26,810.28,376.17,284.55,2098.43,1160.30,2307.98,1762.40,2113.52,1983.33,1599.51,2265.78,1155.57,2663.50,1780.36
"..P. Vannamei","..Region VII (Central Visayas)",1442.51,1042.30,1120.12,1246.50,1446.05,1324.50,1512.21,1079.00,1152.71,888.82,1231.34,1481.47,1223.72,1191.93,1616.07,1017.17,1242.49,1300.52,2091.93,3525.57
"..P. Vannamei","..Region VIII (Eastern Visayas)",32.60,0.30,22.01,0.20,3.00,0.02,81.51,20.20,..,0.34,..,..,..,2.86,61.05,132.86,158.89,51.05,16.89,243.05
"..P. Vannamei","..Region IX (Zamboanga Peninsula)",0.10,0.01,0.68,..,..,..,..,0.01,..,..,2.74,0.01,..,..,..,..,..,..,..,..
"..P. Vannamei","..Region X (Nothern Mindanao)",0.36,0.96,20.64,0.75,..,..,..,0.38,..,1.32,..,0.15,0.10,..,2.45,0.91,0.81,..,..,..
"..P. Vannamei","..Region XI (Davao Region)",667.83,106.49,618.45,195.62,760.97,621.95,644.91,77.81,315.14,299.85,533.99,413.26,394.17,404.29,586.84,507.96,737.65,442.05,541.67,364.99
"..P. Vannamei","..Region XII (SOCCSKSARGEN)",1367.48,993.89,1482.14,1476.66,1861.78,1282.50,1638.81,2130.00,1864.95,2474.01,2638.12,2336.30,2654.11,1316.31,1363.22,1751.76,785.98,4757.51,1685.33,2842.31
"..P. Vannamei","..Region XIII (Caraga)",6.55,113.93,114.53,165.74,8.24,120.47,33.84,25.08,161.74,238.12,188.38,205.12,176.09,164.91,259.63,205.68,213.45,152.47,156.14,495.20
"..P. Vannamei","..Bangsamoro Autonomous Region in Muslim Mindanao (BARMM)",..,..,..,..,..,..,..,..,..,..,..,..,..,..,..,..,..,..,..,..
"..Spiny Lobster","..National Capital Region (NCR)",..,..,..,..,..,..,..,..,..,..,..,..,..,..,..,..,..,..,..,..
"..Spiny Lobster","..Cordillera Administrative Region (CAR)",..,..,..,..,..,..,..,..,..,..,..,..,..,..,..,..,..,..,..,..
"..Spiny Lobster","..Region I (Ilocos Region)",..,..,..,..,..,..,..,..,..,..,..,..,..,..,..,..,..,..,..,..
"..Spiny Lobster","..Region II (Cagayan Valley)",..,..,..,..,..,..,..,..,..,..,..,..,..,..,..,..,..,..,..,..
"..Spiny Lobster","..Region III (Central Luzon)",..,..,..,..,..,..,..,..,..,..,..,..,..,..,..,..,..,..,..,..
"..Spiny Lobster","..Region IV-A (CALABARZON)",..,..,..,..,..,..,..,..,..,..,..,..,..,..,..,..,..,..,..,..
"..Spiny Lobster","..MIMAROPA Region",..,..,..,..,..,..,..,..,0.37,..,..,..,..,..,..,0.34,..,..,..,0.00
"..Spiny Lobster","..Region V (Bicol Region)",..,..,..,..,..,..,..,..,..,..,..,..,..,..,..,..,..,..,..,..
"..Spiny Lobster","..Region VI (Western Visayas)",0.12,0.01,0.10,0.48,0.48,0.20,0.13,0.35,0.14,0.14,0.23,1.15,1.64,1.58,..,0.97,1.95,1.00,..,1.20
"..Spiny Lobster","..Region VII (Central Visayas)",..,..,..,..,..,..,..,..,..,..,..,..,..,..,..,..,..,..,..,..
"..Spiny Lobster","..Region VIII (Eastern Visayas)",..,0.01,..,..,..,0.00,..,..,0.03,0.00,0.01,..,0.00,..,..,0.03,..,..,..,..
"..Spiny Lobster","..Region IX (Zamboanga Peninsula)",..,..,..,..,..,..,..,..,..,..,..,..,..,..,..,0.75,..,..,..,..
"..Spiny Lobster","..Region X (Nothern Mindanao)",..,..,..,..,..,..,..,..,..,..,..,..,..,..,..,..,..,..,..,..
"..Spiny Lobster","..Region XI (Davao Region)",..,..,..,..,..,..,..,..,..,..,..,..,..,..,..,..,..,0.03,..,..
"..Spiny Lobster","..Region XII (SOCCSKSARGEN)",..,..,..,..,..,..,..,..,..,..,..,..,..,..,..,..,..,..,..,..
"..Spiny Lobster","..Region XIII (Caraga)",0.58,0.51,0.32,1.09,2.53,1.14,0.24,1.16,1.19,7.95,1.54,14.32,5.63,3.57,4.97,23.31,4.18,0.66,4.20,2.91
"..Spiny Lobster","..Bangsamoro Autonomous Region in Muslim Mindanao (BARMM)",0.08,..,0.16,0.08,0.08,..,..,0.09,0.20,..,..,..,0.09,0.00,0.03,..,0.07,..,0.00,0.10
"..Carp","..National Capital Region (NCR)",..,5.63,..,..,3.18,2.24,..,..,..,..,53.16,13.69,..,..,..,..,..,..,..,..
"..Carp","..Cordillera Administrative Region (CAR)",0.02,0.04,0.03,0.05,0.01,0.01,0.06,0.09,0.40,0.92,1.65,8.93,0.64,1.93,3.39,6.63,0.61,1.58,1.02,0.31
"..Carp","..Region I (Ilocos Region)",0.76,4.27,5.62,0.02,0.70,2.28,4.99,..,0.83,2.02,3.03,0.08,0.38,1.82,2.43,0.22,1.71,1.82,1.82,0.46
"..Carp","..Region II (Cagayan Valley)",0.59,3.19,3.17,3.29,1.47,3.54,3.11,5.36,0.70,3.58,2.96,3.41,0.89,2.68,3.88,4.25,4.72,2.09,5.44,6.50
"..Carp","..Region III (Central Luzon)",10.42,7.71,5.76,91.75,12.90,8.43,6.30,111.70,23.57,8.03,0.02,95.27,40.93,13.07,..,98.15,14.08,8.01,1.37,100.17
"..Carp","..Region IV-A (CALABARZON)",1008.29,2144.52,953.40,7050.50,63.20,9708.62,894.96,3373.26,599.48,7009.44,702.32,1210.00,446.95,4907.71,592.33,1257.61,555.01,4219.14,736.86,378.14
"..Carp","..MIMAROPA Region",..,..,..,0.00,..,..,..,0.00,..,..,..,0.01,0.05,..,..,..,..,0.05,..,..
"..Carp","..Region V (Bicol Region)",2.50,..,2.84,2.81,0.13,0.11,0.07,0.09,2.60,92.78,1.05,80.61,11.19,0.78,1.76,2.27,0.31,0.13,2.42,0.16
"..Carp","..Region VI (Western Visayas)",0.03,0.09,0.08,0.02,0.07,0.03,0.09,0.01,0.11,0.56,0.07,0.23,0.18,0.15,2.48,0.09,2.02,1.09,1.39,41.21
"..Carp","..Region VII (Central Visayas)",0.02,0.02,..,0.11,0.07,0.04,0.01,0.25,0.50,0.31,0.10,0.29,0.07,0.30,..,..,0.01,5.73,..,..
"..Carp","..Region VIII (Eastern Visayas)",..,..,0.01,0.00,0.00,0.00,0.02,0.02,0.60,..,0.45,0.63,52.27,0.11,0.15,0.26,..,0.17,0.10,0.01
"..Carp","..Region IX (Zamboanga Peninsula)",0.09,0.02,0.01,..,0.02,..,0.01,0.45,0.00,..,..,0.07,0.30,0.52,0.21,..,..,0.07,0.33,..
"..Carp","..Region X (Nothern Mindanao)",2.33,13.96,54.51,12.71,2.12,14.11,54.70,13.62,2.97,11.35,15.03,13.28,6.04,10.37,2.42,1.40,9.39,13.65,3.00,0.62
"..Carp","..Region XI (Davao Region)",2.03,0.08,0.54,0.03,2.64,0.02,0.14,0.08,0.41,0.11,0.16,3.25,0.08,0.05,0.04,0.18,0.25,0.01,0.08,0.07
"..Carp","..Region XII (SOCCSKSARGEN)",0.32,9.53,0.17,0.37,0.13,0.78,0.11,0.23,5.59,1.70,0.49,1.15,1.77,1.06,2.34,2.33,0.88,0.28,1.25,0.95
"..Carp","..Region XIII (Caraga)",0.08,0.02,0.02,..,0.00,0.04,0.03,0.04,0.09,0.02,8.17,0.54,0.07,1.22,46.18,2.64,0.05,0.01,0.08,0.06
"..Carp","..Bangsamoro Autonomous Region in Muslim Mindanao (BARMM)",..,2.65,2.98,3.12,1.53,2.53,2.88,3.05,3.13,2.37,..,6.23,0.62,4.55,12.25,1.48,28.51,0.32,0.38,1.96
"..Catfish","..National Capital Region (NCR)",..,..,..,..,..,..,..,..,..,..,..,..,..,..,..,..,..,..,..,..
"..Catfish","..Cordillera Administrative Region (CAR)",..,0.03,0.05,0.03,0.02,0.05,0.33,0.27,8.69,2.08,2.34,1.84,3.90,4.95,4.12,2.29,1.05,3.19,9.43,117.76
"..Catfish","..Region I (Ilocos Region)",4.09,0.53,1.01,3.58,1.04,0.85,1.23,2.11,6.66,122.27,6.92,4.52,3.21,72.41,6.05,5.90,12.88,44.20,6.35,5.68
"..Catfish","..Region II (Cagayan Valley)",27.72,21.39,58.41,57.42,37.98,27.66,34.31,42.45,34.57,33.51,41.54,40.61,57.44,75.70,47.66,36.97,56.53,92.05,83.31,69.96
"..Catfish","..Region III (Central Luzon)",667.06,486.43,406.78,1123.30,749.95,799.64,508.40,1306.95,846.41,1082.98,981.24,1737.24,1741.12,1569.70,1390.94,1365.04,2076.76,2347.65,1650.93,1208.05
"..Catfish","..Region IV-A (CALABARZON)",47.35,33.19,61.06,52.17,25.97,39.21,78.50,65.50,7.92,7.29,9.31,7.33,22.17,48.52,40.24,22.87,41.54,36.68,65.25,6.59
"..Catfish","..MIMAROPA Region",0.04,0.37,0.03,0.08,0.09,0.15,0.08,0.32,0.34,0.29,0.40,12.18,0.48,0.72,0.53,0.56,0.20,5.68,2.70,2.25
"..Catfish","..Region V (Bicol Region)",5.50,3.51,8.41,9.23,8.80,3.52,8.41,9.16,9.44,10.58,9.51,7.47,9.76,2.20,11.51,6.51,392.30,1.30,1.85,0.97
"..Catfish","..Region VI (Western Visayas)",131.80,14.02,17.59,489.15,87.62,12.05,15.93,728.16,78.32,106.08,26.25,181.08,42.80,43.36,66.19,593.69,170.16,170.75,114.46,408.80
"..Catfish","..Region VII (Central Visayas)",0.05,0.04,0.02,0.03,0.08,0.06,0.13,0.03,0.57,3.25,2.43,2.54,0.71,1.01,0.44,0.15,0.21,1.86,0.79,1.56
"..Catfish","..Region VIII (Eastern Visayas)",0.11,0.14,0.13,1.25,0.06,0.07,0.09,1.44,0.85,1.66,0.41,1.80,0.60,1.06,1.78,2.14,1.22,2.14,6.27,3.02
"..Catfish","..Region IX (Zamboanga Peninsula)",0.07,0.12,0.17,0.05,0.05,0.16,0.20,0.43,0.04,..,..,4.00,0.10,..,0.58,2.29,0.15,1.66,0.27,0.05
"..Catfish","..Region X (Nothern Mindanao)",0.32,7.22,2.58,0.10,0.38,9.61,3.37,5.26,8.01,6.53,5.76,1.82,27.12,8.13,3.49,3.35,15.88,8.50,35.91,3.24
"..Catfish","..Region XI (Davao Region)",236.33,215.02,524.10,166.47,321.82,264.88,575.93,288.88,283.15,212.22,152.30,398.11,333.87,156.59,192.75,262.97,239.34,261.42,217.56,300.59
"..Catfish","..Region XII (SOCCSKSARGEN)",63.31,117.36,65.69,105.35,54.45,71.60,58.29,137.12,58.98,90.15,90.82,38.15,38.04,24.04,30.33,35.18,17.70,66.52,110.35,343.13
"..Catfish","..Region XIII (Caraga)",0.03,0.02,0.01,0.01,0.01,0.04,0.03,0.05,0.01,0.13,0.02,0.04,0.00,1.24,1.67,1.24,6.44,5.31,3.57,6.02
"..Catfish","..Bangsamoro Autonomous Region in Muslim Mindanao (BARMM)",30.28,23.17,83.10,46.82,29.12,22.82,84.80,46.26,2198.35,465.79,843.87,550.51,499.41,325.42,1278.16,1980.37,393.58,8.46,41.53,7.29
"..Gourami","..National Capital Region (NCR)",..,..,..,..,..,..,..,..,..,..,..,..,..,..,..,..,..,..,..,..
"..Gourami","..Cordillera Administrative Region (CAR)",..,..,..,..,..,..,..,..,0.27,..,0.04,0.03,0.04,0.04,..,0.06,0.03,0.08,..,..
"..Gourami","..Region I (Ilocos Region)",1.46,0.04,0.00,0.03,1.40,0.03,0.01,0.03,1.21,0.01,0.00,0.54,1.08,1.73,0.30,0.42,4.35,1.48,0.23,1.26
"..Gourami","..Region II (Cagayan Valley)",0.01,0.06,0.02,0.01,0.01,0.07,0.02,0.01,0.01,1.77,0.89,0.01,0.01,1.52,0.77,0.78,0.37,0.99,0.62,0.59
"..Gourami","..Region III (Central Luzon)",5.61,76.63,6.69,6.13,17.05,95.03,7.47,8.57,1.76,72.02,0.04,6.78,17.64,78.80,0.04,8.72,5.33,1.54,3.51,7.49
"..Gourami","..Region IV-A (CALABARZON)",..,..,..,..,0.03,..,..,..,..,..,..,..,..,..,..,..,..,..,..,..
"..Gourami","..MIMAROPA Region",..,..,..,..,..,..,0.00,..,..,0.01,0.04,0.01,0.02,0.00,0.03,..,0.04,0.43,..,..
"..Gourami","..Region V (Bicol Region)",..,0.00,..,0.03,..,0.00,..,..,..,..,..,..,..,..,..,..,..,..,..,..
"..Gourami","..Region VI (Western Visayas)",..,..,..,..,0.02,..,..,..,..,..,..,..,0.01,0.01,0.14,0.85,..,0.08,0.01,0.02
"..Gourami","..Region VII (Central Visayas)",..,..,..,..,..,..,..,..,..,..,..,..,..,..,..,..,..,..,..,..
"..Gourami","..Region VIII (Eastern Visayas)",..,..,..,..,..,..,..,..,..,..,0.01,..,0.01,0.02,0.08,0.02,0.02,..,0.06,0.02
"..Gourami","..Region IX (Zamboanga Peninsula)",..,..,..,..,..,..,..,..,..,..,..,..,..,..,..,..,..,..,..,..
"..Gourami","..Region X (Nothern Mindanao)",..,..,..,..,..,..,..,..,..,..,..,..,..,..,..,..,..,..,..,..
"..Gourami","..Region XI (Davao Region)",0.04,0.85,..,0.00,0.01,..,..,0.02,..,..,0.06,0.11,..,0.01,0.01,13.75,0.26,0.01,..,0.00
"..Gourami","..Region XII (SOCCSKSARGEN)",0.20,0.09,0.07,0.13,0.16,0.12,0.27,0.17,0.06,0.22,0.32,2.21,0.71,0.64,0.67,1.49,2.70,0.50,0.03,0.33
"..Gourami","..Region XIII (Caraga)",..,..,..,..,..,..,..,0.03,..,..,..,0.02,..,..,..,..,..,..,..,..
"..Gourami","..Bangsamoro Autonomous Region in Muslim Mindanao (BARMM)",..,..,..,..,..,..,..,..,..,..,..,..,..,5.15,..,0.01,..,..,..,0.05
"..Mudfish","..National Capital Region (NCR)",..,..,..,..,..,..,..,..,..,..,..,..,..,..,..,..,..,..,..,..
"..Mudfish","..Cordillera Administrative Region (CAR)",..,0.01,0.02,0.02,0.02,0.01,0.03,0.02,0.35,0.37,0.35,1.01,1.00,0.62,0.08,1.42,0.58,1.20,0.26,0.24
"..Mudfish","..Region I (Ilocos Region)",11.98,0.56,0.13,26.76,11.65,0.34,0.10,24.14,9.26,0.28,0.36,6.93,9.80,3.03,10.54,5.84,4.05,2.67,3.29,8.40
"..Mudfish","..Region II (Cagayan Valley)",3.63,7.99,1.56,6.15,4.57,6.36,1.52,4.91,3.00,5.94,3.81,4.05,3.70,6.49,4.31,6.09,5.78,4.63,3.96,6.16
"..Mudfish","..Region III (Central Luzon)",42.08,89.34,17.64,424.95,40.61,60.58,13.19,50.02,86.77,11.00,11.94,30.27,39.27,10.28,15.83,28.25,30.38,23.03,29.61,18.99
"..Mudfish","..Region IV-A (CALABARZON)",0.01,0.12,0.04,..,..,..,..,0.02,0.09,..,0.82,0.12,0.21,0.02,0.08,..,0.06,0.13,0.07,..
"..Mudfish","..MIMAROPA Region",0.01,0.34,0.03,0.02,0.09,0.31,0.05,0.21,0.96,1.38,1.31,3.33,1.27,1.24,0.96,9.74,0.64,1.62,4.31,1.40
"..Mudfish","..Region V (Bicol Region)",0.03,0.01,0.00,0.02,..,0.02,0.06,0.01,1.11,2.06,0.73,3.06,0.05,0.48,0.50,0.29,1.25,0.13,0.35,0.03
"..Mudfish","..Region VI (Western Visayas)",0.01,0.23,0.01,0.23,0.11,0.26,0.06,0.20,0.53,1.37,0.13,0.75,7.26,1.62,1.27,1.54,7.89,1.97,0.64,0.83
"..Mudfish","..Region VII (Central Visayas)",0.10,0.00,0.00,0.00,0.11,0.02,0.03,0.02,0.42,0.79,0.20,1.32,0.15,0.70,0.10,0.00,0.72,0.08,0.52,0.10
"..Mudfish","..Region VIII (Eastern Visayas)",0.00,..,0.00,..,0.00,0.00,0.00,..,2.35,0.38,0.65,0.04,0.06,0.32,0.23,0.16,0.29,0.41,0.07,0.08
"..Mudfish","..Region IX (Zamboanga Peninsula)",11.47,10.21,0.09,0.21,..,9.19,..,..,0.00,..,..,..,..,..,..,..,..,0.07,..,0.08
"..Mudfish","..Region X (Nothern Mindanao)",3.97,10.09,44.67,13.31,3.99,5.81,15.88,6.48,0.04,1.97,2.59,1.97,0.17,15.03,1.54,1.45,0.21,2.34,0.04,..
"..Mudfish","..Region XI (Davao Region)",1.90,8.70,0.25,13.78,0.56,21.30,0.43,15.40,3.93,32.39,18.20,0.82,4.62,0.42,0.48,16.36,1.15,1.55,0.58,5.96
"..Mudfish","..Region XII (SOCCSKSARGEN)",13.47,12.43,4.31,8.10,15.43,13.07,5.08,3.82,7.26,3.76,2.64,7.26,5.42,4.22,2.64,3.08,3.30,4.73,3.67,2.88
"..Mudfish","..Region XIII (Caraga)",0.08,0.01,0.00,0.01,0.03,0.02,0.05,0.06,0.07,0.01,..,0.28,0.01,0.10,2.59,0.14,0.05,0.28,0.20,0.06
"..Mudfish","..Bangsamoro Autonomous Region in Muslim Mindanao (BARMM)",..,..,..,..,..,..,..,..,..,..,..,..,0.30,90.28,0.05,0.10,0.27,0.08,0.60,1.73
"..Freshwater Prawn","..National Capital Region (NCR)",..,..,..,..,..,..,..,..,..,..,..,..,..,..,..,..,..,..,..,..
"..Freshwater Prawn","..Cordillera Administrative Region (CAR)",..,..,..,..,..,..,..,..,..,..,..,..,0.00,0.10,..,..,..,..,..,..
"..Freshwater Prawn","..Region I (Ilocos Region)",0.00,..,..,..,0.00,..,..,..,0.03,..,..,..,0.00,0.00,..,..,0.08,..,..,0.06
"..Freshwater Prawn","..Region II (Cagayan Valley)",0.05,0.16,0.01,0.01,0.03,0.07,..,0.01,0.02,0.03,1.09,..,0.16,0.01,1.16,..,0.15,0.22,..,0.14
"..Freshwater Prawn","..Region III (Central Luzon)",..,0.02,..,..,..,0.02,..,..,..,0.02,..,..,..,..,..,0.24,..,..,..,0.34
"..Freshwater Prawn","..Region IV-A (CALABARZON)",0.02,..,..,..,..,..,..,..,0.05,..,0.48,..,..,..,..,..,..,..,..,..
"..Freshwater Prawn","..MIMAROPA Region",..,..,..,..,0.01,..,..,..,..,..,0.06,..,0.02,0.02,..,..,0.00,0.06,..,..
"..Freshwater Prawn","..Region V (Bicol Region)",..,0.00,..,..,..,..,..,..,..,..,0.01,0.03,..,..,0.01,0.14,..,0.00,..,..
"..Freshwater Prawn","..Region VI (Western Visayas)",0.38,0.02,0.23,..,0.03,0.03,0.19,0.03,0.01,0.01,0.01,0.00,..,..,..,..,..,1.30,0.13,1.12
"..Freshwater Prawn","..Region VII (Central Visayas)",0.00,..,..,..,..,..,..,..,..,..,..,..,..,..,..,..,..,..,..,..
"..Freshwater Prawn","..Region VIII (Eastern Visayas)",..,0.04,0.06,..,..,..,..,..,..,0.03,0.15,..,0.02,..,..,..,0.02,..,0.00,..
"..Freshwater Prawn","..Region IX (Zamboanga Peninsula)",..,0.06,..,..,..,..,..,..,..,..,..,..,..,0.02,..,..,..,..,..,..
"..Freshwater Prawn","..Region X (Nothern Mindanao)",..,0.03,..,..,0.01,..,..,..,0.01,0.01,..,0.06,..,..,..,5.53,..,..,..,..
"..Freshwater Prawn","..Region XI (Davao Region)",0.01,..,0.04,..,..,..,0.01,0.00,0.01,0.85,..,..,..,0.01,0.01,..,..,..,0.01,..
"..Freshwater Prawn","..Region XII (SOCCSKSARGEN)",0.01,0.01,0.01,0.00,0.01,0.02,0.01,0.01,0.16,0.14,0.16,0.05,0.01,0.01,0.00,..,0.00,0.00,0.08,0.06
"..Freshwater Prawn","..Region XIII (Caraga)",..,..,..,0.17,..,..,..,..,0.02,..,..,..,..,..,..,..,..,..,..,..
"..Freshwater Prawn","..Bangsamoro Autonomous Region in Muslim Mindanao (BARMM)",..,..,..,..,..,..,..,..,..,..,..,..,..,..,..,..,..,..,..,..
"..Others","..National Capital Region (NCR)",153.25,14.28,2.87,0.45,6.22,6.35,10.97,7.37,190.82,372.63,22.81,149.93,205.29,180.59,118.37,138.38,167.84,153.51,106.38,39.23
"..Others","..Cordillera Administrative Region (CAR)",..,..,..,..,..,0.08,0.02,0.01,0.05,0.03,0.02,0.30,0.53,0.53,0.06,0.36,7.77,0.29,0.04,0.03
"..Others","..Region I (Ilocos Region)",4.33,4.58,2.94,10.55,6.37,4.22,3.01,19.83,12.38,14.46,5.01,22.00,95.43,72.59,7.70,99.56,112.08,113.88,15.81,117.58
"..Others","..Region II (Cagayan Valley)",0.65,0.63,0.83,3.33,0.58,0.49,0.69,3.44,0.86,1.81,8.36,4.48,1.65,3.91,7.57,12.94,10.97,1.94,3.81,12.41
"..Others","..Region III (Central Luzon)",74.58,49.05,99.57,0.50,6.51,45.10,214.64,74.67,783.32,62.92,53.74,466.71,851.23,282.41,69.71,189.89,366.61,215.77,223.16,166.17
"..Others","..Region IV-A (CALABARZON)",..,0.44,0.23,15.21,0.04,..,..,0.15,3.69,25.03,0.08,0.13,0.25,0.06,21.72,4.38,0.07,9.38,6.31,20.18
"..Others","..MIMAROPA Region",0.24,0.37,0.10,0.02,0.37,0.01,2.47,3.87,13.76,30.11,7.83,18.33,25.81,11.51,1.60,3.36,4.78,4.86,91.65,47.50
"..Others","..Region V (Bicol Region)",8.18,9.19,6.93,6.97,11.42,19.14,11.34,7.59,13.89,290.57,88.50,5.31,17.44,0.79,23.65,14.45,38.25,311.11,6.29,10.89
"..Others","..Region VI (Western Visayas)",4.90,18.44,8.05,84.90,16.34,16.13,18.36,88.29,26.53,70.55,55.72,347.72,10.08,22.70,11.57,4.98,243.41,39.72,18.60,16.02
"..Others","..Region VII (Central Visayas)",2.21,1.15,0.06,0.89,..,0.17,0.01,1.00,0.12,..,0.12,0.75,0.04,0.02,0.12,0.03,0.03,0.06,0.28,0.93
"..Others","..Region VIII (Eastern Visayas)",0.00,0.05,..,64.49,1.09,0.21,1.98,0.09,22.23,3.45,5.51,1.62,1.15,0.39,0.29,0.44,3.66,15.37,32.72,49.87
"..Others","..Region IX (Zamboanga Peninsula)",0.54,1.05,0.08,0.08,0.05,0.18,0.07,2.69,0.79,13.05,4.42,37.60,9.47,7.72,21.15,2.37,3.10,0.46,4.48,1.64
"..Others","..Region X (Nothern Mindanao)",..,0.06,0.02,..,..,0.30,0.53,0.00,10.57,5.11,1.50,0.01,3.08,2.42,0.02,0.09,1.31,6.60,147.05,0.09
"..Others","..Region XI (Davao Region)",3.35,3.75,2.07,1.43,2.71,2.21,2.53,2.31,1.74,7.21,1.30,46.91,4.52,112.04,0.14,8.22,2.14,0.03,9.54,1.48
"..Others","..Region XII (SOCCSKSARGEN)",0.09,0.05,1.03,0.49,9.63,2.67,0.34,0.16,3.08,2.54,1.55,1.23,2.86,19.00,21.72,35.34,12.03,0.88,2.38,9.42
"..Others","..Region XIII (Caraga)",14.73,8.47,19.69,19.36,17.33,15.63,176.60,240.41,33.46,15.03,11.15,17.52,21.58,12.81,17.02,12.95,7.34,23.75,6.39,94.23
"..Others","..Bangsamoro Autonomous Region in Muslim Mindanao (BARMM)",0.03,0.46,0.11,0.02,0.03,0.54,..,0.02,0.04,18.89,0.65,..,105.14,261.61,0.02,22.95,1.50,80.04,5.80,12.31
"..Oyster","..National Capital Region (NCR)",..,..,..,..,..,..,..,..,30.83,44.87,..,..,..,..,..,..,..,..,..,..
"..Oyster","..Cordillera Administrative Region (CAR)",..,..,..,..,..,..,..,..,..,..,..,..,..,..,..,..,..,..,..,..
"..Oyster","..Region I (Ilocos Region)",212.24,79.51,158.93,397.82,350.90,74.07,153.81,374.04,61.00,81.24,24.12,374.55,87.86,197.02,3.15,330.66,76.34,181.02,26.31,307.06
"..Oyster","..Region II (Cagayan Valley)",54.41,496.40,140.65,39.59,50.38,539.83,154.64,38.95,44.66,508.11,79.27,19.65,47.52,538.97,54.52,12.03,29.77,284.37,46.74,6.76
"..Oyster","..Region III (Central Luzon)",38.41,38800.40,39.20,2.25,37.52,24948.66,31.89,0.60,73.96,26190.42,21.18,29.56,33.03,20124.23,199.13,67.70,309.21,18200.00,84.07,32.61
"..Oyster","..Region IV-A (CALABARZON)",63.91,26.46,6.90,0.61,76.62,60.55,7.27,1.27,54.97,11.42,17.44,13.72,12.34,30.87,108.49,66.67,28.51,33.29,21.97,44.40
"..Oyster","..MIMAROPA Region",..,..,..,..,..,..,..,..,..,..,..,..,..,..,..,..,..,..,..,..
"..Oyster","..Region V (Bicol Region)",..,..,6.00,1.19,..,..,0.60,0.90,0.78,0.75,1.97,27.49,0.32,0.72,6.40,0.30,0.00,..,..,..
"..Oyster","..Region VI (Western Visayas)",1587.28,2657.23,3921.10,2404.26,1555.21,2481.73,4291.06,2558.17,2204.25,2705.87,5617.43,838.90,2212.41,2731.75,4424.88,1023.73,2773.26,5306.63,4964.00,3522.06
"..Oyster","..Region VII (Central Visayas)",228.96,50.14,151.52,38.84,229.04,113.66,133.74,107.04,62.48,169.05,59.96,74.44,147.53,84.08,95.02,84.11,60.50,72.80,53.56,47.02
"..Oyster","..Region VIII (Eastern Visayas)",0.85,0.02,1.85,1.34,0.63,0.03,1.09,1.22,4.18,..,1.82,1.39,1.77,7.52,2.54,8.70,11.13,2.92,1.11,3.76
"..Oyster","..Region IX (Zamboanga Peninsula)",123.13,145.03,65.10,101.04,280.38,383.41,72.27,92.13,55.00,145.44,200.47,69.55,91.04,91.25,69.65,37.73,84.34,12.63,4.55,7.71
"..Oyster","..Region X (Nothern Mindanao)",..,0.10,..,0.45,..,..,..,..,..,..,0.04,0.02,..,..,..,0.20,1.97,..,0.28,0.17
"..Oyster","..Region XI (Davao Region)",7.66,97.85,761.07,122.37,61.00,172.98,1079.50,220.12,15.95,17.44,16.97,65.72,19.07,32.50,26.11,10.15,48.42,28.36,19.55,23.53
"..Oyster","..Region XII (SOCCSKSARGEN)",..,..,..,..,..,..,..,..,..,..,..,..,..,..,..,..,..,..,..,..
"..Oyster","..Region XIII (Caraga)",..,..,..,..,..,..,..,..,..,..,..,..,..,..,..,..,..,..,..,..
"..Oyster","..Bangsamoro Autonomous Region in Muslim Mindanao (BARMM)",..,..,..,..,..,..,..,0.02,..,..,..,..,..,..,..,..,..,..,..,..
"..Mussel","..National Capital Region (NCR)",43.56,96.71,103.33,1.98,50.49,54.26,338.46,8.13,150.82,87.94,147.52,112.62,151.41,323.90,557.79,..,40.30,310.14,90.68,2.07
"..Mussel","..Cordillera Administrative Region (CAR)",..,..,..,..,..,..,..,..,..,..,..,..,..,..,..,..,..,..,..,..
"..Mussel","..Region I (Ilocos Region)",2.33,..,19.39,220.14,1.76,..,17.94,207.37,1.63,4.05,15.77,190.10,4.95,9.00,12.39,173.55,4.80,32.12,9.63,93.82
"..Mussel","..Region II (Cagayan Valley)",..,..,..,..,..,..,..,..,..,..,..,..,..,..,..,..,..,..,..,..
"..Mussel","..Region III (Central Luzon)",3.80,77.12,36.60,..,3.84,16.42,26.02,3.55,136.28,274.98,194.16,344.07,801.72,378.24,404.94,198.38,278.03,571.41,203.31,140.42
"..Mussel","..Region IV-A (CALABARZON)",543.49,4994.35,30.34,86.05,778.87,7651.84,63.10,30.53,661.00,1874.00,405.64,276.75,746.89,778.86,761.15,212.98,409.17,177.97,276.54,146.31
"..Mussel","..MIMAROPA Region",120.95,104.24,4.46,0.16,100.79,60.65,2.91,0.17,85.96,45.49,2.48,34.03,48.83,67.15,50.36,5.88,101.36,70.78,94.20,160.33
"..Mussel","..Region V (Bicol Region)",29.37,..,66.78,0.36,2.98,0.60,137.09,0.33,106.74,102.83,254.68,167.82,113.23,58.55,2398.86,69.65,24.52,46.09,81.56,13.54
"..Mussel","..Region VI (Western Visayas)",3529.83,2236.82,597.37,2170.14,4308.02,2313.88,514.51,1962.39,253.35,2429.50,561.93,50.22,164.35,2315.37,515.01,246.70,121.06,2385.57,527.26,57.58
"..Mussel","..Region VII (Central Visayas)",..,..,..,..,..,..,..,..,..,..,..,..,..,..,..,..,..,..,..,..
"..Mussel","..Region VIII (Eastern Visayas)",2134.34,417.03,1505.65,28.90,3346.51,275.11,786.48,48.37,458.56,764.85,345.68,343.11,245.60,509.64,993.83,1030.16,467.55,151.52,48.82,417.73
"..Mussel","..Region IX (Zamboanga Peninsula)",..,..,..,..,..,..,..,..,..,..,..,..,..,..,..,..,..,..,..,..
"..Mussel","..Region X (Nothern Mindanao)",1.71,3.22,1.48,16.98,1.76,1.58,1.25,589.11,1.01,1.44,3.29,2.12,11.40,11.95,0.09,2.92,5.80,0.80,0.94,12.41
"..Mussel","..Region XI (Davao Region)",..,..,..,..,..,..,..,..,..,..,..,..,..,..,..,..,..,..,..,..
"..Mussel","..Region XII (SOCCSKSARGEN)",..,..,..,..,..,..,..,..,..,..,..,..,..,..,..,..,..,..,..,..
"..Mussel","..Region XIII (Caraga)",..,..,..,..,..,..,..,..,..,..,..,..,..,..,..,..,..,..,..,..
"..Mussel","..Bangsamoro Autonomous Region in Muslim Mindanao (BARMM)",..,..,..,..,..,..,..,..,..,..,..,..,..,..,..,..,..,..,..,..
"..Seaweed","..National Capital Region (NCR)",..,..,..,..,..,..,..,..,..,..,..,..,..,..,..,..,..,..,..,..
"..Seaweed","..Cordillera Administrative Region (CAR)",..,..,..,..,..,..,..,..,..,..,..,..,..,..,..,..,..,..,..,..
"..Seaweed","..Region I (Ilocos Region)",1.15,0.19,1.84,2.31,0.94,0.60,1.67,1.92,0.84,..,1.47,1.97,1.01,..,..,..,0.91,0.02,0.03,0.00
"..Seaweed","..Region II (Cagayan Valley)",7.21,19.04,7.50,2.33,8.80,19.75,6.58,2.42,6.24,19.39,4.31,1.23,2.80,8.90,2.54,0.95,1.52,0.61,1.00,0.87
"..Seaweed","..Region III (Central Luzon)",13.57,455.50,168.00,150.00,775.00,435.53,182.08,565.59,888.86,1078.29,884.12,994.50,1350.55,1292.58,1268.35,1191.15,953.10,579.00,1060.90,553.07
"..Seaweed","..Region IV-A (CALABARZON)",19.72,2.73,16.82,8.87,12.00,3.28,24.89,8.30,831.36,288.62,144.97,11.20,68.34,187.16,153.75,95.61,224.50,34.10,153.95,51.41
"..Seaweed","..MIMAROPA Region",9870.96,45139.88,38944.07,226762.29,10194.36,47262.47,39830.23,127031.31,38027.11,29960.11,42611.32,140056.98,40564.62,30560.52,46827.77,143070.46,45914.30,35344.77,54427.30,152859.69
"..Seaweed","..Region V (Bicol Region)",5012.80,11725.10,17031.21,5160.59,3940.74,12350.50,17832.07,9782.71,2277.07,354.79,9116.06,3647.36,1717.20,196.60,1356.23,257.29,1500.10,56.80,659.57,4259.53
"..Seaweed","..Region VI (Western Visayas)",26684.44,27185.05,14349.00,14379.46,24354.16,26628.80,14631.31,14009.81,12177.05,12893.95,12532.45,18638.35,17147.09,19913.44,18011.23,14999.79,16158.05,6918.66,38621.34,24936.40
"..Seaweed","..Region VII (Central Visayas)",15512.11,16102.07,7580.54,10000.37,16184.15,11819.62,6581.87,7875.35,5861.75,2494.98,1935.04,2930.22,4225.13,2890.28,969.16,825.13,3234.64,2101.84,2642.24,1308.39
"..Seaweed","..Region VIII (Eastern Visayas)",1112.73,1074.36,11738.81,3973.65,878.72,920.06,8399.85,1484.48,106.33,344.69,194.10,544.99,155.36,72.87,131.77,205.23,12.65,59.13,1015.88,612.99
"..Seaweed","..Region IX (Zamboanga Peninsula)",67680.34,48802.48,49219.76,36903.73,62490.80,48766.83,48042.30,35914.47,48636.38,40733.49,41143.68,40262.64,46286.92,35802.22,37716.58,35615.04,34425.42,24176.14,31216.45,30957.80
"..Seaweed","..Region X (Nothern Mindanao)",8618.75,8884.71,9899.33,4785.60,2966.44,5534.77,4891.11,3283.74,1690.87,2117.04,1537.26,393.71,100.90,618.54,79.59,189.81,212.70,26.11,29.66,26.24
"..Seaweed","..Region XI (Davao Region)",3017.81,55.48,55.25,13.72,19.91,391.56,44.12,11.05,829.99,676.75,467.52,483.22,689.87,543.46,416.61,813.68,359.83,378.28,590.07,1630.65
"..Seaweed","..Region XII (SOCCSKSARGEN)",96.89,43.34,49.70,51.89,26.32,27.48,33.50,57.25,19.92,11.76,15.81,5.27,4.98,2.55,2.42,0.91,..,2.50,1.09,3.01
"..Seaweed","..Region XIII (Caraga)",732.26,4322.28,2085.34,1977.00,855.41,2858.27,1060.51,2087.86,227.68,2655.34,239.28,255.94,388.79,766.75,247.24,236.65,205.74,310.92,247.28,310.80
"..Seaweed","..Bangsamoro Autonomous Region in Muslim Mindanao (BARMM)",211386.78,148666.41,152175.37,198912.77,216797.58,153940.91,150578.19,198984.26,258902.08,291100.41,212749.77,257942.02,254053.89,272126.97,261614.66,328205.21,261993.87,200839.05,229402.52,241601.71
